index,checkpoint,best_acc,con_poster_mean_prob,con_poster_prob,opt_poster_mean_prob,opt_poster_prob,epoch_1,epoch_2,epoch_3,epoch_4,epoch_5,epoch_6,epoch_7,epoch_8,epoch_9,epoch_10,epoch_11,epoch_12,epoch_13,epoch_14,epoch_15
0,7,0.39996152259999995,0.413228543611,0.422924039328,0.381587116568,0.510952701818,0.2555168767000001,0.28972767629999996,0.3330079367999999,0.365158075,0.3827434088,0.39074137570000006,0.39541161020000004,0.3977172563999999,0.3989458145,0.3994632307999999,0.3997928687000001,0.39995105420000004,0.39991091439999993,0.39994648740000005,0.39996152259999995
1,7,0.8644746539,0.854609913804,0.853512482454,0.884159981542,0.869094590555,0.7385007580999999,0.7973243646,0.8187666043,0.8310126778,0.8408844994,0.8472455755999999,0.8518973813999999,0.8557289965,0.8582129983,0.8599890017,0.8614768678,0.862581237,0.8632752456,0.8640815015000001,0.8644746539
2,7,0.8884267459,0.905322762504,0.874985214766,0.893293356488,0.896297722447,0.6968813660000001,0.7991878896000001,0.8314760996999999,0.8493859574,0.8604757141,0.8674624657000001,0.873043301,0.8762207736000001,0.8791434991999999,0.8816270635,0.8835152364000001,0.8847461398,0.8859276520999999,0.8873425963,0.8884267459
3,7,0.8289353539,0.848088207916,0.83897352603,0.850814707331,0.876906318395,0.7531719292,0.7752422337,0.7841156816,0.7911432078,0.8067492389,0.8155744095,0.820577028,0.8238543217000001,0.8254011631000001,0.8268172796,0.8276081785,0.8281323809000001,0.828576128,0.8287727213,0.8289353539
4,7,0.8655735761,0.876906318395,0.876906318395,0.876906318395,0.876906318395,0.7058538981,0.7738959463,0.8029880285,0.821533763,0.8318855291999999,0.8392128268,0.8450272110000001,0.850619429,0.8541317099,0.8561947564,0.8592593667999999,0.8609228547,0.8627814338,0.8643872484,0.8655735761
5,7,0.7903968215,0.876906318395,0.876906318395,0.876906318395,0.876906318395,0.6701719935999999,0.7097298563,0.7267407762,0.7342061038,0.7533767301000001,0.7638404543,0.772937762,0.7785036358,0.7826739272,0.7852022407,0.7871558492,0.7882527544,0.7892127064,0.7898650359999999,0.7903968215
6,7,0.8479912127,0.876906318395,0.876906318395,0.876906318395,0.876906318395,0.60379444,0.7603024981,0.7985810562,0.8154349191,0.8305926226,0.8378351796,0.8423719759,0.8449409499000001,0.8463436678,0.8470884133,0.8475167415,0.8477757471,0.8479315281,0.8479635571,0.8479912127
7,7,0.8450950884999999,0.876906318395,0.876906318395,0.876906318395,0.876906318395,0.7724788934,0.8018703805999999,0.811257901,0.8159910365,0.8235493835,0.8288146844000001,0.8328896213,0.8359935798,0.837829365,0.8397458579,0.8409357264,0.8423206299,0.8435081073999999,0.8443607327,0.8450950884999999
8,7,0.7894114864,0.876906318395,0.876906318395,0.876906318395,0.876906318395,0.6916617488,0.7175875332,0.7378516688,0.7454558271999999,0.7546340001,0.764982662,0.7690329078,0.7745011399,0.779042296,0.7815897583,0.7840612317,0.7851851706,0.7875244195000001,0.7885441181,0.7894114864
9,7,0.8780135597,0.876906318395,0.876906318395,0.876906318395,0.876906318395,0.7387224735,0.8116475297,0.8396104236,0.8528646164,0.8646328052,0.8707166043,0.873973381,0.8756702445,0.8767777712,0.8773873607,0.877737027,0.8779122379000001,0.8779631073,0.877995607,0.8780135597
10,7,0.8921791553,0.876906318395,0.876906318395,0.876906318395,0.876906318395,0.753897649,0.826679933,0.8479207857,0.8565735651,0.8716851203,0.8788167611,0.8838902286,0.8867506561999999,0.8888512311,0.890102562,0.8909377833,0.8914359471000001,0.8917749242,0.8919856863,0.8921791553
11,7,0.8243977682,0.876906318395,0.876906318395,0.876906318395,0.876906318395,0.7408740064999999,0.7740233673,0.7870090404,0.7909161679,0.796130051,0.8012673695,0.8080021003,0.8102518535,0.8130791409,0.8165115408,0.8198121311,0.8207958226000001,0.8224020388000001,0.8232335866999999,0.8243977682
12,7,0.8762545395,0.876906318395,0.876906318395,0.876906318395,0.876906318395,0.7852024053,0.8267904145999999,0.8428739029000001,0.8509459224,0.8590647203000001,0.8646683173,0.8676432956,0.8705714462999999,0.8718446232,0.8735617195,0.874475245,0.8750445792,0.8755482713,0.8759685165,0.8762545395
13,7,0.8681247627,0.876906318395,0.876906318395,0.876906318395,0.876906318395,0.6167390914,0.7401529195000001,0.7825172805,0.8069771023000001,0.8209580318,0.8321955331,0.8401352611,0.8459900800000001,0.8513699932,0.8554613154,0.8593480388,0.8613013205,0.8642003932,0.8666260752,0.8681247627
14,7,0.7910582723,0.876906318395,0.876906318395,0.876906318395,0.876906318395,0.6696690232999999,0.713541225,0.7292562904,0.7333187757,0.7455696882,0.7550675014,0.7631374457,0.7698268841,0.7747856328,0.7784423081999999,0.7815435766000001,0.7845299386,0.7866070808,0.7889515401999999,0.7910582723
15,7,0.8046077196,0.876906318395,0.876906318395,0.876906318395,0.876906318395,0.7032513261000001,0.7515895652,0.7711309601,0.7810231612,0.7909920601,0.7967931453999999,0.7999931538,0.8017337864,0.8030035484,0.8037838236,0.8041749369000001,0.8043597970999999,0.8044616388,0.8045595555999999,0.8046077196
16,7,0.8227040331000001,0.876906318395,0.876906318395,0.876906318395,0.876906318395,0.6744815011,0.7545468625,0.7814746728,0.7939332262000001,0.8056650201,0.8119164055,0.8157575638000001,0.8183219123,0.8199559688000001,0.8211838198,0.821637306,0.8221014015999999,0.8224076502000001,0.8226495396,0.8227040331000001
17,7,0.8535756028000001,0.876906318395,0.876906318395,0.876906318395,0.876906318395,0.7667238672,0.7940823622000001,0.8045369648999999,0.8075856591,0.8172727999,0.8222709523,0.8291474811,0.83382723,0.8384907769000001,0.8424173951,0.8453274403000001,0.8474089821,0.8499629506999999,0.8516228463,0.8535756028000001
18,7,0.8088137079000001,0.876906318395,0.876906318395,0.876906318395,0.876906318395,0.6282250171,0.7110023338,0.7442015779000001,0.7600610675,0.775081273,0.7849819494,0.7912780345999999,0.7959295125,0.8003163194,0.8025752629,0.8046820558000001,0.8063998574,0.807480627,0.8082756014,0.8088137079000001
19,7,0.8517106802,0.876906318395,0.876906318395,0.876906318395,0.876906318395,0.7533680643999999,0.7997724449,0.8163164669999999,0.8260425921,0.8376071147999999,0.8444673362,0.8481074562,0.8498524291,0.8508097171,0.8513066252999999,0.8514983509999999,0.8516635436000001,0.8517010215,0.8516997569,0.8517106802
20,7,0.8640061835,0.876906318395,0.876906318395,0.876906318395,0.876906318395,0.6544976655,0.7725091068,0.8064708034,0.8243567011999999,0.8353533585999999,0.8441932474,0.848652058,0.8524524375,0.8554993945,0.8576047131,0.8596680162,0.8610064723,0.8624728268,0.8632093649999999,0.8640061835
21,7,0.8846982299999999,0.876906318395,0.876906318395,0.876906318395,0.876906318395,0.8244584416999999,0.8587404738000001,0.8684217503,0.8696491384,0.8786956796,0.8812863545999999,0.8820597019,0.8825755730999999,0.8832035761,0.8836940803,0.8839228490000001,0.884189589,0.8844167545,0.8845853799,0.8846982299999999
22,7,0.8618622496,0.876906318395,0.876906318395,0.876906318395,0.876906318395,0.6897683362,0.7681633246999999,0.8028393359,0.8233588262,0.8369232578,0.8448648132,0.8503060952,0.8537707311,0.8566787563,0.8582712659999999,0.8594363612,0.8604168321,0.8610086372000001,0.861515883,0.8618622496
23,7,0.731940188,0.876906318395,0.876906318395,0.876906318395,0.876906318395,0.6017493273,0.6578270756,0.6795118148,0.6913934764,0.6994656155,0.7065040675,0.7110851006000001,0.7146337482999999,0.7205948749,0.7213999823,0.7243311226000001,0.7254604896000001,0.7268722350000001,0.7269106867,0.731940188
24,7,0.8131438002,0.876906318395,0.876906318395,0.876906318395,0.876906318395,0.6950170201999999,0.7609057994,0.7756890984,0.7825709998999999,0.7889379676999999,0.7939425019999999,0.7979743435000001,0.7997716272000001,0.8019476693,0.8045477299,0.8060468014000001,0.8084561120000001,0.8107770209,0.8117261415,0.8131438002
25,7,0.7349507731999999,0.876906318395,0.876906318395,0.876906318395,0.876906318395,0.6061994838999999,0.6481633672,0.6630272777,0.6710409364,0.6915466418999999,0.7066055248,0.7153007911,0.7212316112999999,0.7265532616,0.7291765984,0.7309228181,0.7328894926999999,0.7338331570000001,0.7344202678,0.7349507731999999
26,7,0.8830966886999999,0.876906318395,0.876906318395,0.876906318395,0.876906318395,0.8047515192,0.8388507784999999,0.8501725939,0.8553057092,0.8686390444,0.8755903007,0.8788852379,0.8809272276,0.8819434396,0.8824554371000001,0.8828224093,0.8829525303,0.8830456862999999,0.8830710398,0.8830966886999999
27,7,0.8636928043000001,0.876906318395,0.876906318395,0.876906318395,0.876906318395,0.6663629438,0.7647792282,0.8005598519,0.8208963762,0.8340431021,0.8426864412,0.8479408578000001,0.852783583,0.8556211643,0.8578437657,0.8601117836,0.8613175871,0.8621166791,0.8631576204,0.8636928043000001
28,7,0.7285845946,0.876906318395,0.876906318395,0.876906318395,0.876906318395,0.6513285855,0.6787800979999999,0.6847109384000001,0.6894077638999999,0.7009982624,0.7111087357,0.7172155882,0.7210942986,0.7238492149,0.725739699,0.7268720983000001,0.7275868356,0.7282192278,0.7284734676999999,0.7285845946
29,7,0.8950546932,0.876906318395,0.876906318395,0.876906318395,0.876906318395,0.7990067543,0.8428042691000001,0.8602504964,0.8684471347,0.8755857535,0.8804091858,0.8841035073000001,0.8866151125,0.8889487522,0.8907166059,0.8918557477,0.8927730757,0.8938976687,0.8946206408,0.8950546932
30,7,0.8678409266,0.876906318395,0.876906318395,0.876906318395,0.876906318395,0.8055025403,0.8440288995,0.8581368379000001,0.8641498755,0.8653624086,0.867400854,0.8678409266,0.8667840698,0.8672836155,0.8658674255,0.865701598,0.8642417518,0.8622372553000001,0.8625479468999999,0.8605145101
31,7,0.6241233771,0.876906318395,0.876906318395,0.876906318395,0.876906318395,0.30137803750000003,0.5177672052000001,0.5557557138999999,0.5723556933999999,0.5866098168999999,0.5968996762,0.6047083779,0.6104721604,0.6151118321000001,0.6176474961999999,0.61955329,0.6208354306999999,0.6229188466999999,0.6235826655,0.6241233771
32,7,0.7788077167999999,0.876906318395,0.876906318395,0.876906318395,0.876906318395,0.6808578322,0.717299166,0.734021856,0.7426680996999999,0.7489373155,0.7546230474,0.7609776434000001,0.7651200180000001,0.7686697678000001,0.7705552268,0.773196193,0.7748171105,0.7762108932999999,0.7772788053,0.7788077167999999
33,7,0.7414079107,0.876906318395,0.876906318395,0.876906318395,0.876906318395,0.5182648808,0.6135217382,0.6699120661,0.6973450967,0.7156294113,0.7251002598999999,0.7319713781,0.7355247182000001,0.7383124922,0.7390443356,0.7401846324000001,0.7405343557,0.7410505491,0.7413161872,0.7414079107
34,7,0.8764671865,0.876906318395,0.876906318395,0.876906318395,0.876906318395,0.7283782903,0.8140951832,0.8331801464999999,0.8410300282,0.8528529574,0.8608435156,0.865592653,0.8689000165,0.8715121188,0.8731347262000001,0.8740008516000001,0.8751911146,0.875663265,0.8761565535,0.8764671865
35,7,0.8691198939,0.876906318395,0.876906318395,0.876906318395,0.876906318395,0.7625869828999999,0.8121712429000001,0.8317935604000001,0.8433203878,0.8512195816,0.8554007941999999,0.8590412045000001,0.8616070909,0.8638686663,0.8652359364,0.8661139385000001,0.8669577566000001,0.8675610169,0.868734307,0.8691198939
36,7,0.8518986859000001,0.876906318395,0.876906318395,0.876906318395,0.876906318395,0.7752638864000001,0.8007153827,0.8094823711,0.8148502722,0.8280094248000001,0.8356033103,0.8414355050000001,0.8451602959,0.8477244595,0.849056175,0.8502196955,0.8509235592,0.8513838773,0.8517095548,0.8518986859000001
37,7,0.8930236622,0.876906318395,0.876906318395,0.876906318395,0.876906318395,0.7406863018000001,0.8157564676,0.8434124676,0.8582571706,0.8680492908999999,0.8741141827,0.8789916815000001,0.881795105,0.8849008215,0.8873675053,0.8890181565,0.8901890388,0.8909499833,0.8920657495000001,0.8930236622
38,7,0.8714683959,0.876906318395,0.876906318395,0.876906318395,0.876906318395,0.7900298375,0.8361475399999999,0.8506555166,0.8555692871,0.8633812156,0.8680065843,0.8697621642000001,0.8710509757,0.8714683959,0.8709813299,0.8706496992,0.8702552424000001,0.8694065236999999,0.8690844337,0.8689308900999999
39,7,0.8142090124,0.876906318395,0.876906318395,0.876906318395,0.876906318395,0.7183554711,0.7617438363,0.7783423811,0.7881141504,0.8003811899,0.8061430767,0.8094719569,0.8115656116,0.8128582408,0.8133921376,0.8138050307,0.8140358611,0.8141856246,0.8141799485,0.8142090124
40,7,0.8382234762,0.876906318395,0.876906318395,0.876906318395,0.876906318395,0.6974467127,0.7664835151,0.7967778215000001,0.8134220711000001,0.8247458634,0.8301705643,0.8337660661999999,0.8354833863,0.8367614615,0.8373845682,0.8378032689,0.8380213007,0.8381276382,0.8381953487,0.8382234762
41,7,0.8556706168000001,0.876906318395,0.876906318395,0.876906318395,0.876906318395,0.7367921974000001,0.7826378010999999,0.8022375742,0.8135845051,0.8236663984,0.83161609,0.8369097637,0.8414157675,0.844996983,0.8478717801,0.8504651036,0.8519769088000001,0.8534514846,0.8549106316,0.8556706168000001
42,7,0.7894260592,0.876906318395,0.876906318395,0.876906318395,0.876906318395,0.7004533118,0.7484600762,0.7577056410999999,0.7595958896,0.7634908919000001,0.7647930105,0.7717882523,0.7725990844,0.7756429869,0.7753833809,0.7797891329000001,0.7816936076,0.7854847788,0.7872500841,0.7894260592
43,7,0.874719668,0.876906318395,0.876906318395,0.876906318395,0.876906318395,0.7923039174000001,0.821576376,0.8314329032000001,0.837363067,0.8506211522,0.858371987,0.8635498741000001,0.8674181155,0.8698634623,0.871498152,0.8728896154,0.8736554787,0.8740978008,0.8745538438,0.874719668
44,7,0.8213977295,0.876906318395,0.876906318395,0.876906318395,0.876906318395,0.5833115474,0.6949859747,0.7379069068999999,0.7593591691,0.7771772208,0.7876436102000001,0.7958787565000001,0.801542607,0.8065085996,0.8086697332,0.8129923287999999,0.8160187118,0.817534104,0.8197795532,0.8213977295
45,7,0.8906293332999999,0.876906318395,0.876906318395,0.876906318395,0.876906318395,0.8039047575,0.845758602,0.863170026,0.8705242412,0.8798475182,0.8848293597000001,0.8867427599,0.8880393793000001,0.8888779184,0.8893328563,0.8899651393,0.8901575219,0.8903715158,0.8905716837,0.8906293332999999
46,7,0.8710242026999999,0.876906318395,0.876906318395,0.876906318395,0.876906318395,0.6877969792,0.7892768245,0.8249554293,0.8435686854000001,0.8582348115,0.8647198606,0.867689972,0.8693308477,0.8701757473,0.870667342,0.8708602200000001,0.8709497292,0.8709996894,0.8710150502,0.8710242026999999
47,7,0.6829007853999999,0.876906318395,0.876906318395,0.876906318395,0.876906318395,0.5789441018,0.6081733627999999,0.6203741036,0.6238494541,0.6386441482,0.649357565,0.6564537961000001,0.6634598542,0.6695187873,0.6727774778000001,0.6773170780000001,0.6788634379,0.6807520973999999,0.6822271375000001,0.6829007853999999
48,7,0.6083361072,0.876906318395,0.876906318395,0.876906318395,0.876906318395,0.49448240760000006,0.5718750825,0.5987073303,0.6030511518,0.601954913,0.6024945886,0.6003331201000001,0.6044068274,0.6055657409,0.6041659532,0.6083361072,0.6011560628,0.6007418033,0.6048882352,0.6031502716
49,7,0.886138182,0.876906318395,0.876906318395,0.876906318395,0.875657060031,0.8005246385,0.8412723286,0.8560616995,0.8621336259,0.8695424781,0.8749061065,0.8780569107999999,0.8805590267,0.881877284,0.8832953667000001,0.8840506066,0.8849885414,0.8855149577,0.8858629608,0.886138182
50,7,0.8883470652,0.875657060031,0.875657060031,0.875657060031,0.875657060031,0.8021498583,0.8367736303000001,0.850625092,0.8571837556,0.8704694601999999,0.8777500442,0.8818364099,0.8844541959000001,0.8860582245,0.8869108789000001,0.8874893305,0.8879446633,0.8881382345,0.8882513459000001,0.8883470652
51,7,0.6008954363,0.875657060031,0.875657060031,0.875657060031,0.875657060031,0.4604918163999999,0.5134000293000001,0.5340603261,0.5495673790000001,0.5609680025,0.5656823916000001,0.5760050374,0.579568672,0.5843985762,0.5887465661000001,0.5910197256999999,0.5941767696000001,0.5960254629,0.5990621517,0.6008954363
52,7,0.8848917957,0.875657060031,0.875657060031,0.875657060031,0.875657060031,0.7828535627,0.8328176583,0.8501201472000001,0.8579153049,0.8712852232,0.877242083,0.8805443622,0.8823901177,0.8834046532,0.8840191227,0.8843956745,0.8846596467,0.8847903497,0.8848523486000001,0.8848917957
53,7,0.8896961363,0.875657060031,0.875657060031,0.875657060031,0.875657060031,0.7994511091,0.8413748002,0.8566863033,0.8648551795,0.8718760251,0.8767425082999999,0.8796314391,0.88256607,0.8845496666,0.8862578813,0.8870061999,0.8881137138,0.8885234447,0.8893986059,0.8896961363
54,7,0.8059181995,0.875657060031,0.875657060031,0.875657060031,0.875657060031,0.7032773013999999,0.7334633126,0.7498089675,0.7538403121999999,0.7633770008,0.7669458666,0.7731018913000001,0.7814755463,0.7827560294,0.7907339368,0.7936045441999999,0.7973529172,0.7989386776999999,0.8039162566,0.8059181995
55,7,0.8176128321,0.875657060031,0.875657060031,0.875657060031,0.831154804768,0.5972652484000001,0.7133264991999999,0.7564703515,0.7803588729000001,0.7940008997,0.8024475673000001,0.8078800153,0.810948859,0.8134098281000001,0.8146163143,0.8158029795,0.8165444168,0.8170591835000001,0.8174056016,0.8176128321
56,7,0.5801457927,0.831154804768,0.831154804768,0.831154804768,0.831154804768,0.30123023820000006,0.45285579319999997,0.5157681588999999,0.5384050744,0.5534312674,0.5614884998999999,0.5661123814,0.5722429743999999,0.5731855058,0.5757565867,0.5771683289,0.5789165928,0.5792600063,0.5797303131,0.5801457927
57,7,0.8663157996999999,0.831154804768,0.831154804768,0.831154804768,0.831154804768,0.8156126211,0.8448274386000001,0.855006254,0.8568733227,0.8608333047,0.861546922,0.8627100745999999,0.8627974427,0.8636579635,0.864131483,0.8643992813,0.8651749532,0.8633857567,0.8657980432,0.8663157996999999
58,7,0.8791508759,0.831154804768,0.831154804768,0.831154804768,0.831154804768,0.6948117768,0.7795121412,0.8134533562,0.8349223388,0.8481771472,0.8572570211999999,0.8627943579,0.8670231724,0.8702915379,0.8726412238000001,0.8745505573000001,0.8764081685,0.8773973786,0.8784714022000001,0.8791508759
59,7,0.8426301235,0.831154804768,0.831154804768,0.831154804768,0.831154804768,0.7342075003,0.7845311827,0.8019147345000001,0.811488275,0.8251751961999999,0.8316395883000001,0.8359978475000001,0.8385027195,0.8399254273,0.8411073569,0.8418448115999999,0.8422656128,0.8424753048,0.8425807238,0.8426301235
60,7,0.8529882567,0.831154804768,0.831154804768,0.831154804768,0.831154804768,0.3173671833999999,0.7443450659999999,0.7948998086,0.8136571667,0.8262329610000001,0.8340378670999999,0.8391381542,0.8424899053,0.8455080656999999,0.8479039023,0.8496541255,0.8507990481,0.8515931818,0.852330385,0.8529882567
61,7,0.8575298319,0.831154804768,0.831154804768,0.831154804768,0.831154804768,0.7924809916000001,0.8142939618,0.8161635405,0.8178863942000001,0.8370514521,0.8462090445,0.8517778045,0.8545720069,0.8560823512,0.85672554,0.8571863509,0.8573787119,0.8574663404,0.8575110714,0.8575298319
62,7,0.8558570746,0.831154804768,0.831154804768,0.831154804768,0.831154804768,0.7206520101000001,0.7837885471,0.8116262412999999,0.8267144003999999,0.8375341027,0.8443319979,0.8488054102999999,0.8514728950999999,0.8529017128,0.8541156383,0.8548004614,0.8553006485000001,0.8555714431,0.8557743152,0.8558570746
63,7,0.7804769961,0.779384388801,0.775160639209,0.77741653262,0.772248399534,0.6708771697,0.724275351,0.7420621525,0.7517420375,0.7569184644,0.7616882964,0.7646821079,0.7680877954,0.7707865013,0.7728502449,0.7742828731,0.7762106771999999,0.7770525423,0.779190158,0.7804769961
64,7,0.7055996135,0.724267154022,0.720365126079,0.718199515248,0.74657902414,0.6234750418,0.6484597317,0.6569202350000001,0.6645919131000001,0.6794342623999999,0.6880749316,0.6953589147,0.6989736482,0.7018755105,0.7027091459,0.7040730746,0.7050892421999999,0.7048948812,0.7055082544,0.7055996135
65,7,0.8753449008,0.879961442238,0.881884829639,0.8800955349,0.88531828063,0.756795244,0.8181700277,0.8402662253,0.8523617827000001,0.8601925448,0.8648841828,0.8680136274,0.8710336513,0.8721688251,0.8732142026999999,0.8744725693000001,0.8748499761,0.8751360128,0.8751881443,0.8753449008
66,7,0.8891377611,0.896123664802,0.893250658732,0.899913049923,0.882062730622,0.7422778191999999,0.8225643741,0.8480912343,0.8603908754,0.8691307052,0.8737573627,0.8775674447,0.8810329329,0.8830309048,0.884379267,0.8860535376,0.8870270389,0.8880164698999999,0.8886278615,0.8891377611
67,7,0.8089849264,0.812553110482,0.823082126184,0.801889729746,0.821440401136,0.6393887958000001,0.7210814571,0.7530308285999999,0.7702775237999999,0.7835629004,0.7919484353,0.7969566406,0.8006796119,0.8033843222,0.8051943101,0.8065986319999999,0.8074701413,0.8082511274999999,0.8085422363,0.8089849264
68,7,0.8752223684,0.880233973497,0.8636364223,0.871185243889,0.863999729193,0.8027911672,0.8346049789,0.8463675322,0.8508083897000001,0.8559527739,0.8608675818,0.8633850043,0.8652855054,0.8675138369,0.8694764494,0.8703871756,0.8714161146,0.8727432001,0.8737855449,0.8752223684
69,7,0.8616396898,0.86583974514,0.865523470577,0.863376020022,0.849832346627,0.7350820075000001,0.7918839515,0.8145467594,0.8275541235,0.8393109109,0.8469898365999999,0.852198766,0.8554900965000001,0.8578629474,0.8589333768,0.8600587818000001,0.8606196881000001,0.8611350758999999,0.8614666049,0.8616396898
70,7,0.6957974384,0.752122288395,0.712927492698,0.764980397242,0.728284516838,0.5755083878,0.6129807106999999,0.6297788074,0.6300858779,0.6615058420000001,0.6772346967,0.6855863102,0.689775944,0.6926718423,0.6942611831000001,0.6950612453,0.6954890996,0.6956850148,0.6957777541000001,0.6957974384
71,7,0.8317361489,0.846414643865,0.834648998289,0.830930437829,0.822542719471,0.7037241562,0.7659060624,0.7863394986000001,0.800503542,0.8092900255,0.8153346776999999,0.8193527862,0.8223819680000001,0.8253672344,0.8270708688,0.8286687221,0.829665323,0.8306831843,0.8312869524000001,0.8317361489
72,7,0.7278352276000001,0.715315574744,0.718438176363,0.722599769044,0.711157414899,0.6065264824,0.6486216490000001,0.6601663367999999,0.6711543406000001,0.6794195460999999,0.6925763597,0.6974920829,0.7058873479,0.7106660803,0.7146440602,0.7162081696,0.7221219756,0.7238167484000001,0.7269061595,0.7278352276000001
73,7,0.8859986603,0.891459349387,0.896376695444,0.89758955048,0.897640751304,0.7941584396999999,0.8329159471,0.8498653420000001,0.8557454113,0.8694004419,0.8768245434,0.8806477488000001,0.8828824875,0.8843123689,0.8850678849,0.8855041918,0.8857494483,0.8858917205,0.8859587884,0.8859986603
74,7,0.8872952263,0.900388534077,0.891410794165,0.909836049452,0.907991205171,0.7373133286,0.8155591300999999,0.8434909208,0.8573195357,0.8685651324,0.8747599948,0.8790072926,0.8815035334,0.8837374775,0.8848273027,0.885666286,0.8863067224,0.8866386525000001,0.8870250628,0.8872952263
75,7,0.8563222827,0.849867539668,0.861329651702,0.857417312633,0.857373606936,0.7942534431,0.8210364496,0.8309663054,0.8351987966000001,0.8390315218000001,0.8424444848,0.8450829511,0.8462780271,0.8488360255,0.8500501835000001,0.8511822764999999,0.8524426272,0.8534547628,0.855351938,0.8563222827
76,7,0.8526806641,0.884768436884,0.876052333278,0.860955260266,0.860510735452,0.7448832515,0.7961305458000001,0.8138962751000001,0.8241672349,0.8349422109,0.8409832297000001,0.845870768,0.8481225325,0.8499696212,0.850933682,0.8516503689,0.8520739843,0.8524257595,0.8525977001999999,0.8526806641
77,7,0.6366566307,0.60608112397,0.610164103669,0.6090096635,0.599719235435,0.5799945805,0.5845139369,0.5939487604,0.5901199019000001,0.5953762028999999,0.6021414149,0.6016365201999999,0.6010361934,0.6117417338,0.6182759684,0.6212858859,0.6269126021,0.6311974019,0.6325061977,0.6366566307
78,7,0.8146924421999999,0.80416241235,0.834483470937,0.873494208439,0.833470915068,0.2989410562999999,0.5312029514,0.6786573933,0.7407309841,0.7689108364999999,0.7834017540999999,0.7930597416,0.7997711122000001,0.803757854,0.8072625575,0.8096279027,0.8116509348,0.8129241016,0.8141154343000001,0.8146924421999999
79,7,0.8222383866,0.84792334386,0.832342519851,0.843950901878,0.835824963088,0.7402142398999999,0.7762155757,0.790295364,0.799131096,0.8104830011999999,0.8161084896999999,0.8187904873,0.8203831259,0.821255433,0.8217958814,0.821966695,0.8220942969,0.8221866232,0.822225808,0.8222383866
80,7,0.8210476656999999,0.825849475791,0.832119744705,0.82548635213,0.811643593747,0.6675878273999999,0.7531166058,0.7723703708,0.7850503006999999,0.7965620767,0.8028640285,0.8063637056999999,0.8110308753,0.8139402587,0.8159264098,0.8176327388,0.8190341085,0.8199637891,0.8207587876,0.8210476656999999
81,7,0.8232109472,0.771243569937,0.810776538555,0.828187026568,0.829288639209,0.6293271546000001,0.7117782442,0.7485494820999999,0.7667847398000001,0.7789227505999999,0.7886473038,0.7963129155,0.801923061,0.8056510049,0.8104172811999999,0.8136748852000001,0.815984706,0.818438713,0.8204201905999999,0.8232109472
82,7,0.8812989195,0.886802727691,0.874745313268,0.874391040785,0.867617358377,0.8145578788000001,0.8426053168,0.8495274644999999,0.8521232152,0.8575843795999999,0.8611708650000001,0.8656775922,0.8691209707,0.8716630293000001,0.873886716,0.8758429152,0.8771594439,0.8789571014,0.8798498919,0.8812989195
83,7,0.8765708796,0.869444083401,0.883216869379,0.878537633624,0.891267264393,0.7596603395,0.8150022324,0.8380161062,0.850080559,0.8603896806,0.8671824368,0.8706463129,0.8727724108,0.8743509234000001,0.8751591442,0.8756605277999999,0.8760822607000001,0.8763374744,0.8765272259,0.8765708796
84,7,0.7341912407,0.710558250156,0.711795756083,0.72004215953,0.721788893513,0.6459282330000001,0.6524729135,0.6794812865000001,0.6877326789,0.6990627452,0.7038888095,0.712437166,0.7153148034000001,0.7211786196000001,0.7247187507999999,0.7270879551999999,0.7299185377,0.7304636056,0.7336896764,0.7341912407
85,7,0.8623230195999999,0.872406225922,0.874969796631,0.868745577465,0.876540274795,0.7150042329,0.7822250076,0.8130087106999999,0.8326909262,0.8470299157,0.8531491373,0.8570968318000001,0.8594324607,0.8608174275,0.8615734549,0.8619328701,0.8620777968,0.8622069418999999,0.8622822859,0.8623230195999999
86,7,0.8951082395,0.905028075352,0.9025146836,0.899209465857,0.921754014628,0.8130982354,0.8511854347,0.8626279875,0.8688427247,0.8785909168,0.8842193155,0.8879406011,0.8903243617000001,0.8920278414,0.8930683080999999,0.8938924049,0.8943329471,0.8947571561,0.8949553491000001,0.8951082395
87,7,0.7791772024000001,0.780256419413,0.826065706164,0.780452851958,0.799844096382,0.5986733143,0.6875133427,0.7191014244,0.733029953,0.7450041939000001,0.7512906001999999,0.7569459985,0.7616226223,0.7660547993,0.7692333984,0.7724138006999999,0.7739744788,0.7747088784,0.7769811441000001,0.7791772024000001
88,7,0.8392611418,0.83990879808,0.878075690883,0.837593256708,0.855789883027,0.5168799499,0.6918971093999999,0.7472384929,0.7750102910000001,0.7929153953,0.8043005353999999,0.8138446878,0.820462497,0.8253932073999999,0.8289664055999999,0.8323512656000001,0.8349283964,0.8365126329,0.8375111698000001,0.8392611418
89,7,0.8822795487999999,0.895484542262,0.893076719766,0.89428367407,0.896470137597,0.7893646224,0.8270948682,0.8411624459,0.8503645123,0.8607487129,0.8679996416,0.8725777710999999,0.875165743,0.8774028116,0.8793772084,0.8803475809,0.8810881945,0.881699419,0.8819563755000001,0.8822795487999999
90,7,0.855316496,0.902311482852,0.870268671875,0.869316988714,0.859507094898,0.7387816625,0.7900876915,0.8116980335,0.8246981462999999,0.8372911409,0.8442710594,0.848452312,0.8513273434,0.8530518572,0.8541112754999999,0.8546302121999999,0.8549961068999999,0.8551898129,0.8552883853000001,0.855316496
91,7,0.8802591015000001,0.861592290823,0.882565323133,0.887957203741,0.881746819146,0.779116255,0.8223384141,0.837823387,0.8458834223,0.8551537739,0.8598867399000001,0.8653084553,0.8685950524,0.8719823954,0.8738878963,0.875763797,0.8772689971,0.8784926544,0.8794952086,0.8802591015000001
92,7,0.8203945717000001,0.836738673392,0.852629219212,0.828279610627,0.832425388583,0.6023285612,0.7312688455,0.7681570254000001,0.7894911225999999,0.8053497952,0.8119990295,0.8159928416000001,0.8178746248,0.81909456,0.8198099759,0.8201128222,0.8202820179,0.8203389283,0.8203729391,0.8203945717000001
93,7,0.8918570889,0.893871035802,0.900307696259,0.893205875838,0.908302502183,0.8206745664999999,0.8559381363,0.8676489398999999,0.8723895606,0.878524875,0.8824801515,0.8853642205,0.887053866,0.8886437323999999,0.8895317746000001,0.8903775642,0.8908778822,0.8911862059,0.8915002272,0.8918570889
94,7,0.8852330996000001,0.885169818088,0.853570060884,0.976882648363,0.897808852437,0.7800496151,0.8266456605,0.8447146471,0.8543272309000001,0.8625776301999999,0.8671362229999999,0.8707722428,0.8739124717,0.8762557994,0.8786392837,0.8804419122,0.8817183166,0.8831115599,0.8841016634,0.8852330996000001
95,7,0.5316718841,0.583992818861,0.54856108408,0.558642683024,0.56189929472,0.44247517629999994,0.4722080482,0.4722952493,0.4790788201,0.4934705516,0.5070703102,0.5170781142,0.5222453808999998,0.5251443552,0.5269729219999999,0.528506913,0.529960472,0.5305820172000001,0.5316718841,0.5316320311
96,7,0.8010722458,0.931356264886,0.899592707204,0.801715947654,0.805853353147,0.6868160611,0.739269541,0.7598667856,0.7712200659,0.7809033805000001,0.7861513949,0.7905595235,0.7934255408,0.795452846,0.7973040321999999,0.7986395021,0.7993088784,0.7998937646,0.8005228932,0.8010722458
97,7,0.8515909389999999,0.844565599256,0.868588912049,0.825213303575,0.870729774474,0.7565293331,0.7973065931,0.8131454771,0.8212546978,0.8364476026,0.8440375768,0.8478491497,0.8497554289,0.8507581832,0.8511796248000001,0.851418165,0.8515479775,0.8515748062999999,0.8515909389999999,0.8515893815
98,7,0.8358125036,0.85025323104,0.825467354186,0.866883671041,0.861044838036,0.6140677444,0.7358886396000001,0.7759719411,0.7973406355,0.8133957654,0.8219870317,0.826612811,0.8298595554,0.8319198709,0.8332280975,0.8344280143999999,0.8350796467,0.8354151661999999,0.8356501242,0.8358125036
99,7,0.8688056222,0.862677213789,0.90998238143,0.866897514878,0.900300694139,0.7792886887,0.8164225619,0.8310419782999999,0.8379247509000001,0.8445029537000001,0.8501122602000001,0.8541703575,0.8577193710000001,0.8607902371,0.8622321951,0.8640278668,0.865582,0.8667100081,0.8680225766999999,0.8688056222
100,7,0.8368226016,0.846459567335,0.817901434933,0.847548987736,0.813597074892,0.7347969040999999,0.7761613520999999,0.7920887973,0.8023593379,0.813714331,0.8202931757999999,0.8254200463,0.8290581812000001,0.8320878225,0.8333107098,0.8343926432,0.8354843171999999,0.8359930661999999,0.8364474151,0.8368226016
101,7,0.8908259502,0.874383569466,0.887284443243,0.891280830504,0.933938466286,0.8158462768000001,0.8530070021,0.8670377674,0.8721305745,0.8773453053000001,0.8805689221,0.8834912467,0.8850071223,0.8865491462,0.8871800589000001,0.8882520524,0.8893961697999999,0.8900184461999999,0.8896520563,0.8908259502
102,7,0.8766995642,0.893795022699,0.883400130793,0.896118176102,0.877317284676,0.39631107340000005,0.7425450225,0.7977557589000001,0.8252169421,0.8409982449000001,0.8516233747,0.8583036322,0.863625563,0.8669490688000001,0.8693372297999999,0.871532106,0.8730534745,0.8746032684,0.8754622179,0.8766995642
103,7,0.5898047433,0.596646038782,0.599722646412,0.592754837093,0.592511134991,0.5151847416,0.5274429806,0.5355453818999999,0.5303454057,0.5577720521999999,0.5704219559999999,0.5778607085,0.5832812991,0.5854923759999999,0.5880893464999999,0.588863947,0.5892327817,0.5895151948,0.5897794703,0.5898047433
104,7,0.8612564917,0.880624919979,0.894447887855,0.881840776598,0.879080828786,0.7849102218,0.8124388756,0.8233338056,0.8318409306,0.8457815593,0.8530900919000001,0.8569926043,0.8588808200999999,0.860050371,0.8606946079000001,0.8609710575,0.8611310462,0.861245778,0.8612455473,0.8612564917
105,7,0.8392964306,0.847701497582,0.841093798119,0.853749702615,0.845530528859,0.7091867845000001,0.7632891768,0.7855725105,0.7970024149999999,0.8067603686,0.8162123578,0.8222606337,0.8266020178,0.8298933405000001,0.8327827807999999,0.8343319216999999,0.8359293574000001,0.8371145569,0.8381574435,0.8392964306
106,7,0.8828513753,0.885934819109,0.882817463845,0.885768840385,0.889583643267,0.7741648049000001,0.8308730834,0.8491018454,0.8579716623,0.8654948458999999,0.8704869736,0.8743403259,0.8761243684,0.878541908,0.8796149344,0.8807970791,0.8812718208,0.8822185889999999,0.8824575142,0.8828513753
107,7,0.8707424928,0.879089616899,0.877805964919,0.878219356004,0.879927507212,0.753576457,0.8092328236,0.832255308,0.8450661794000001,0.855005224,0.8605573063,0.8642731194000001,0.8665026791,0.8680239912,0.8689789253,0.869652569,0.8700804541,0.8704051656,0.8706098966,0.8707424928
108,7,0.7889057725,0.7774841443,0.784649997822,0.795980546887,0.78762562973,0.7454993524,0.7645923498,0.7709046832,0.7726275325999999,0.7728575452,0.7775355601999999,0.778325413,0.7815467228,0.7818851257,0.7837255103,0.7846877733000001,0.7856829363,0.7885689175999999,0.7889057725,0.7884071691000001
109,7,0.8860779400000001,0.979697541514,0.927215517508,0.901200251291,0.89003310502,0.7478890971,0.8157705201,0.8415560507000001,0.8548556453999999,0.8662860846999999,0.8728344775000001,0.8772790414,0.879850498,0.8819554464,0.8833173422999999,0.8843770919,0.8849314033000001,0.8854884590000001,0.8857734335999999,0.8860779400000001
110,7,0.8830791775,0.896563017815,0.983239318107,0.898095858026,0.894224813857,0.7625998049,0.8255871373,0.8462126605,0.8568534781,0.8682796826,0.8743278811999999,0.8778878032,0.8796762532,0.8808777632,0.8816705796,0.8822531081,0.8826118632000001,0.8828274517,0.8829802628,0.8830791775
111,7,0.73463995,0.746590301859,0.722279016834,0.73716562983,0.742529566039,0.5027436218,0.6023150243000001,0.6505741543,0.6760453256999999,0.6923481551999999,0.7030436644,0.7098168949,0.7160146852,0.7199794472,0.7237394053999999,0.7266723566999999,0.7303510908,0.7320358536,0.7333616402,0.73463995
112,7,0.6019558121,0.630320211463,0.593194063638,0.563190140911,0.601895421766,0.2999343312999999,0.34841240700000004,0.49649786110000005,0.5396871983,0.5560389184,0.5698756182,0.5781521276999999,0.5814412093999999,0.5829474159,0.5897436143,0.5920101718,0.5950511782,0.5976189758,0.6006369809000001,0.6019558121
113,7,0.8863182293,0.882369146793,0.893439855223,0.890473905084,0.896298020743,0.8086614123000001,0.8443542103,0.855926042,0.8599652622999999,0.8708069263,0.8761636859999999,0.8798061014,0.8823487758999999,0.8838937751,0.8849635559000001,0.8854273184,0.8856564628,0.8859788046,0.8861953486999999,0.8863182293
114,7,0.8865086954,0.900940927145,0.886610682778,0.895732672844,0.941682171844,0.7968992995999999,0.8423414123999999,0.8593136805,0.8664891047,0.8761374945,0.8812383856,0.8833948540000001,0.8845872121999999,0.885368463,0.8858021748999999,0.8860794268,0.886282289,0.8864076517999999,0.8864710859,0.8865086954
115,7,0.8364441397000001,0.858431122412,0.847255180777,0.851149157714,0.838398667092,0.7317131836,0.7745365988,0.7895537208000001,0.7943776941,0.8067949524000001,0.8138915925,0.8215206045,0.8256870125,0.8283820542999999,0.8297213777,0.8324182147,0.8337498237,0.8351428419,0.835740625,0.8364441397000001
116,7,0.8258696721,0.877767987879,0.861276636881,0.817902274144,0.828587451591,0.459751035,0.662323014,0.7430688110999999,0.7824169899000001,0.8026344289,0.8129970483,0.8182130118000001,0.8211674604,0.8232052457,0.8242524185,0.8247973407,0.8253623986,0.8255791970999999,0.8257700356000001,0.8258696721
117,7,0.8678991939,0.861313398088,0.862368981031,0.914929724502,0.860407085792,0.7871169224,0.8181821929,0.8266652476,0.8303098962,0.8379416768,0.8438332090999999,0.8496669089,0.8538712683,0.8571291925000001,0.8599037898,0.862606565,0.8640485324999999,0.8655249548,0.8668087905,0.8678991939
118,7,0.8679894764,0.849708402295,0.866592503462,0.853311107387,0.857095294191,0.7510705227,0.7995000423,0.8212611039000001,0.8318151270999999,0.8400885395000001,0.8467930267,0.8510173231,0.8548713787,0.8573295796,0.8593306947,0.861852988,0.8633860944,0.8655403042,0.8670296064,0.8679894764
119,7,0.8581796472,0.867075604207,0.865810615646,0.866652933526,0.870178665509,0.7630287366,0.8043069177,0.8195525656,0.8256836860000001,0.8373257742,0.8438772206,0.8487972442,0.8515038676000001,0.8538788150000001,0.8554364024000001,0.8563130787,0.8570518203999999,0.8575449725,0.8579537114,0.8581796472
120,7,0.7579018278999999,0.83826993555,0.831111035495,0.806519384736,0.730454387566,0.2993203211,0.30394686479999994,0.6157669559,0.6902603853999999,0.7185577668,0.732703471,0.7407978212,0.7463520831,0.7502393892,0.7532926601,0.754444293,0.7556973973000001,0.7570128224,0.7572570207,0.7579018278999999
121,7,0.8678009883,0.837063099878,0.873149636406,0.865977410284,0.87535592703,0.6640589202999999,0.7587316678,0.7983844037,0.8193275239,0.8323429902,0.8414296867000001,0.8476840631,0.8530572352,0.8569271177000001,0.8598757538,0.8624511307,0.8640372194,0.8658346693,0.8665974299,0.8678009883
122,7,0.8988864022,0.876914727789,0.891056839944,0.911879015575,0.897718901259,0.812566098,0.8490273108999999,0.8635285937999999,0.8688265226999999,0.8771657463,0.8833381372,0.8874864357,0.8902281028,0.8925991649999999,0.8944090746000001,0.8959548873,0.896918966,0.8979379658000001,0.8985214442,0.8988864022
123,7,0.7459288185,0.760216494123,0.758579795208,0.762185005225,0.763580649296,0.5663419203,0.6532363848,0.6924913513000001,0.7084153177,0.7250790376,0.7339957055,0.7389337419,0.7418847644,0.7435068411,0.7445361998000001,0.7452935119999999,0.7455607933,0.7458111091999999,0.7458739961,0.7459288185
124,7,0.8643511928000001,0.86786028706,0.867990204396,0.865672734826,0.865357306188,0.747633995,0.8013019448,0.8223617366,0.8303881941,0.8386529330000001,0.8449742536,0.8491246555,0.8529032492999999,0.8555729121,0.8576834187,0.8597775314,0.8612838154,0.8624370843,0.8636582872999999,0.8643511928000001
125,7,0.8694176730000001,0.873594965021,0.875501281699,0.867102568976,0.890069447718,0.7529462596,0.8062238801999999,0.8296152176,0.8421041017,0.8527647945,0.8598873995,0.8637278896,0.8660039286,0.8675073973999999,0.8682030862000001,0.8688257571,0.8690671241,0.8692893989,0.8693454418,0.8694176730000001
126,7,0.48476046370000003,0.500676511458,0.50002315466,0.490058225255,0.466681923306,0.39824588110000003,0.4036713704,0.39290783509999994,0.39145953929999994,0.40904102950000004,0.42608807779999996,0.43958817720000015,0.4506392502,0.4587057728999999,0.4659452786999999,0.47349135310000007,0.4776947864,0.48028426669999996,0.48296055480000005,0.48476046370000003
127,7,0.6870591451,0.6778363124,0.684455352669,0.669104765091,0.750806191906,0.5546685170000001,0.6185469238000001,0.6489340448999998,0.6587873641,0.664881327,0.669593239,0.672543947,0.6741563965,0.6751055284,0.6791942633,0.6804170343999999,0.6811936502,0.6832880934,0.6860230114999999,0.6870591451
128,7,0.7705384332,0.77896445855,0.76501472257,0.780387464172,0.779593743687,0.6808084716999999,0.7134710811,0.7273762315,0.7339956686000001,0.7446093731000001,0.7517215585,0.7577876685999999,0.7612859363,0.7640352162,0.7659429981999999,0.767542058,0.7687387333000001,0.7695207286,0.7700580087,0.7705384332
129,7,0.8255750054000001,0.816266004042,0.816444019268,0.821011101892,0.854788086028,0.6948961207,0.7511302260999999,0.7684424238,0.787130487,0.7955945915,0.8027607997999999,0.8073410347000001,0.8100691036,0.813328811,0.8166957520999999,0.8196755966000001,0.8209578566,0.8229303972,0.8240850798,0.8255750054000001
130,7,0.7397355159,0.730830254386,0.726131966912,0.724838815876,0.730472897161,0.6603912365000001,0.6864404724,0.6937410281,0.6989080612,0.7031965683999999,0.7105079221000001,0.7164575705,0.720094755,0.7235252177,0.7265806831,0.731444697,0.7333660651,0.7358094137000001,0.7380758201,0.7397355159
131,7,0.8315412423999999,0.833848777109,0.843239003638,0.848098834208,0.837921404093,0.7077446986,0.7654681972,0.7900114267,0.8047564075,0.8164869562,0.8220936683,0.8259428002,0.8280363346,0.8294073999,0.8303421581,0.8308697352000001,0.8312587717000001,0.8313849448,0.8315218317999999,0.8315412423999999
132,7,0.8514920281,0.844163363039,0.849915095229,0.856352666831,0.964693265815,0.7647025687,0.7954639521,0.8054063510999999,0.809077654,0.8178059075,0.8274086568,0.8325076639,0.8389952583,0.8421418188,0.8444772739,0.8469466500999999,0.8487476801,0.8499991733,0.8506890799,0.8514920281
133,7,0.8876589805999999,0.903056326919,0.896837035614,0.900127121517,0.895411006631,0.7708449672,0.8313503622,0.8543136456,0.8660126705,0.8769097351,0.8816834509,0.884323109,0.8857867274,0.8866038726000001,0.8870678292999999,0.8873419016,0.8874921275000001,0.8875772951,0.8876325882999999,0.8876589805999999
134,7,0.8851555972,0.882951374856,0.898239695337,0.899207086648,0.894798264505,0.7724690365,0.8278436084,0.8473438205,0.8574731375,0.8679161033,0.8733178656,0.8777178564,0.8803141287999999,0.8820215412,0.8831438944000001,0.8838512999,0.8844544432,0.8847492269,0.8849616573,0.8851555972
135,7,0.7040292588999999,0.707855808874,0.708402212013,0.708215495899,0.690383298544,0.5032284951,0.5745993232,0.6134836395,0.6377348911,0.6558710799,0.6658949739,0.6748694843,0.6818095297,0.6861780875,0.6905076381999999,0.6954812718000001,0.6983049956,0.7003962425,0.7022150563,0.7040292588999999
136,7,0.8422458514,0.818712028169,0.844114006326,0.833079071301,0.843188186596,0.7044094265999999,0.7659216632,0.7910108964,0.804700688,0.8130117763000001,0.8193369063,0.8242869321,0.8280330402,0.8304016164,0.8327251699999999,0.8360189719,0.8377027053,0.8392857214,0.8406146693000001,0.8422458514
137,7,0.7299684394,0.786428075223,0.811339907356,0.742400125932,0.753236735072,0.6123631674,0.649547476,0.6626498024,0.6640159898,0.6875830441,0.6984637683999999,0.7087400293,0.7154257494999999,0.7197334581,0.7227707877,0.7255190802,0.7271811553,0.7281604244000001,0.7292470887,0.7299684394
138,7,0.7847686856,0.815761766705,0.809788344469,0.781433601286,0.82213073306,0.4115777739,0.6004874342000001,0.6850886455,0.7355222834999999,0.759291847,0.7688440048,0.7748123303,0.779116581,0.7811330108,0.7822824415,0.7833277878,0.7839763127999999,0.7843776394,0.7846333271,0.7847686856
139,7,0.8848589954,0.874691453936,0.895782410131,0.888253903785,0.883461326763,0.7966565612,0.8364672929,0.8524689688,0.8607535663,0.8673630733,0.872232573,0.8753165905,0.8775430506999999,0.879444247,0.8809834312,0.8823614588,0.8830282218,0.8835858802000001,0.8843642185,0.8848589954
140,7,0.8365563294999999,0.847781130758,0.875836994886,0.84777049059,0.847935344433,0.7481439239,0.7874970035,0.8026508840000001,0.8107203380999999,0.8233707642,0.8297091381,0.8328981797,0.8346212749999999,0.8355097559000001,0.8360675967,0.8362902771,0.8364375549,0.8365231787,0.8365459413999999,0.8365563294999999
141,7,0.8988389114,0.899422657132,0.902152440905,0.940514121032,0.928859691163,0.8053925346999999,0.8456867199000001,0.8610272508000001,0.8683656083,0.8779880159,0.8840909179,0.888219148,0.8910712396,0.8931924076000001,0.8949921614,0.8964605423,0.8973836179,0.8979746758,0.8984689522999999,0.8988389114
142,7,0.8672186341,0.882974638914,0.891026977959,0.882633258996,0.884683118613,0.5813846309,0.7415146136999999,0.7890450809,0.8167501128,0.8336916183,0.8439900209,0.8512591939999999,0.8562798905,0.859738462,0.8612737409,0.864129657,0.8648200232,0.8659654658,0.8668179258,0.8672186341
143,7,0.7759718429,0.785644087154,0.817298742516,0.751612304007,0.797682365779,0.6792860978999999,0.7178750775,0.7345594338999999,0.7396107435,0.7521718209,0.7609997319,0.7657612089,0.7702701024,0.7716361290999999,0.7733024977,0.7742676788,0.7750000956,0.7750297262,0.7756351617,0.7759718429
144,7,0.5525378421,0.565071754892,0.543268539561,0.560923237418,0.556473996424,0.3022596388999999,0.3840025547,0.47664669930000003,0.49542571500000004,0.5204744536999999,0.5318454905000001,0.5380830417,0.5431491918,0.5473481065000001,0.5489360345000001,0.5498502833,0.5511826016,0.5515544130000001,0.5521637746,0.5525378421
145,7,0.8750777484,0.895711361739,0.878093966084,0.880903238578,0.886640270516,0.7369615711999999,0.8005813314,0.8265731056,0.8402350096,0.8499390142,0.8559038908,0.8607198620000001,0.8643223756,0.8668688947000001,0.8691026309000001,0.8707830564,0.8721191703,0.8732969297,0.8745336882,0.8750777484
146,7,0.8721542699,0.870790984741,0.881691365275,0.866793654767,0.878596782445,0.8175374746999999,0.8541843167,0.8663715765,0.8695478447,0.8714707072,0.8721542699,0.8714431444,0.8685240595,0.8697421918,0.8680869012000001,0.8659156474999999,0.8658625531999999,0.8640969651,0.8638411519,0.8621173186
147,7,0.8380987102999999,0.852664959517,0.847993306091,0.830589281997,0.841697839733,0.7112556259,0.7698979771,0.7927734831000001,0.8045125593,0.8146876872000001,0.8212016834,0.8264245145,0.8294078318000001,0.8321923872,0.8339192918999999,0.8356547794000001,0.836386041,0.8369571902999999,0.8376145005,0.8380987102999999
148,7,0.8786661856,0.878661574411,0.878241451163,0.878465909029,0.885756231165,0.769515992,0.8205311759999999,0.838111072,0.8490439629,0.8556978533,0.8606207161,0.8646608167,0.867436943,0.8697677971000001,0.8715021394,0.8732812784,0.8746949756,0.8763585686,0.8773174742,0.8786661856
149,7,0.8800955003,0.906533731671,0.883389107116,0.890376657272,0.880361415008,0.7747378278,0.8232670334,0.8425167331,0.8532179654000001,0.8628993373000001,0.8689727225,0.8733348077,0.8755808495999999,0.8771464149999999,0.8782073556000001,0.8790044247,0.8794405331,0.8797106728999999,0.8799240423,0.8800955003
150,7,0.8729543432000001,0.903469004718,0.894045612021,0.891214903117,0.961800238589,0.791861099,0.8219501702,0.831717414,0.8360965380000001,0.8539203889,0.8627236632,0.8673942294,0.8698734611,0.8713348856,0.8721219321999999,0.8725133737,0.872776071,0.8728671565,0.8729100107000001,0.8729543432000001
151,7,0.8691495918000001,0.87383743558,0.86841434752,0.868596157975,0.882050834454,0.7383369483,0.8021392767,0.8250736237,0.8377811773999999,0.8464487282000001,0.8523597651,0.8570974333,0.8603314941,0.862543575,0.8646426000999999,0.8660786057000001,0.8669612361,0.8679213672999999,0.8686202218999999,0.8691495918000001
152,7,0.7289274772,0.729332737859,0.733363259494,0.686974625753,0.715413672839,0.46031398809999996,0.5864256134,0.638042251,0.6621110806,0.6844210946000001,0.6969297383999999,0.7046467044999999,0.7100302463,0.7148195408,0.7190310961999999,0.7218828828,0.7234431356,0.7255187194,0.7270505815,0.7289274772
153,7,0.8890779779,0.898009608549,0.891345587109,0.884678842722,0.89836793223,0.8155804931999999,0.8512108566,0.8615534018000001,0.8658999791,0.8762813959,0.8815853583,0.8844060842,0.8861637798,0.8872764207,0.8879583064,0.8883415578,0.8886686205,0.888879974,0.8890227158999999,0.8890779779
154,7,0.8918994248000001,0.908552231092,0.972395089848,0.89383701431,0.898660595671,0.780641995,0.8291107773999999,0.8509980197,0.8618702441,0.8721540857,0.8784932362,0.8826673563,0.8855359446,0.8876603655,0.889017045,0.8901015824,0.89079179,0.8912724302,0.8916507607999999,0.8918994248000001
155,7,0.37127822089999996,0.945469853558,0.496602848092,0.418989238129,0.576867691234,0.3608919124,0.36874185179999996,0.36744779759999996,0.36154715680000005,0.3607304059999999,0.36411625829999994,0.36102291649999996,0.36070882649999997,0.36367078789999996,0.36397895389999996,0.36617638250000006,0.36653743870000005,0.3678667422,0.3692355828999999,0.37127822089999996
156,7,0.8037110444,0.818044849465,0.873561504983,0.799755085188,0.782966483864,0.29525857400000005,0.4685205589,0.6472337278,0.7280038495,0.7606452656,0.7771660901,0.7868601256,0.7928536168000001,0.7967919611,0.7994569834999999,0.8011698353000001,0.8024337562,0.8029996811,0.8033338603,0.8037110444
157,7,0.8822907479000001,0.883446480379,0.884738875449,0.873239270627,0.878689474127,0.803677186,0.8401974327,0.8532730431,0.8584207302,0.8635771673,0.8674386752000001,0.8708533741,0.8728107678,0.8744299086,0.8765231222,0.8788147777,0.8796145552000001,0.8810207171,0.8818127119,0.8822907479000001
158,7,0.8045461586,0.808933389081,0.826145885737,0.84399602396,0.792760695208,0.6700091856,0.7217694160000001,0.7474825516,0.7588385308000001,0.7702719729,0.7794886558,0.7847897038999999,0.7902470357,0.793921217,0.7971719630999999,0.7992698329,0.8013784923,0.8023754484,0.8031921935,0.8045461586
159,7,0.7470268924,0.719521039679,0.768266390452,0.737602783808,0.756058794512,0.6408730783000001,0.6867048109,0.7044125338,0.7140159008000001,0.7288516750999999,0.7366539648,0.7412560414,0.7437556007999999,0.7450115811,0.7459325134000001,0.7463607629000001,0.7467110396,0.7468837992999999,0.7470268924,0.7470249608
160,7,0.7261976488,0.733603411935,0.715808858872,0.688783570256,0.719878280832,0.6058715652,0.6553674493000001,0.673116134,0.682064978,0.6881891456000001,0.7013066868000001,0.7056750353,0.7081712184000001,0.7140684068,0.7130296795,0.7193146091999999,0.7210147816,0.7221660073999999,0.7248964294,0.7261976488
161,7,0.8858039805,0.907929867196,0.916843275728,0.981163398705,0.891131502839,0.787786334,0.8351905733999999,0.8498295351,0.8576287626999999,0.8696114969000001,0.8757032507,0.8795577456,0.8819820962,0.8832851055,0.8843138093,0.8848150729,0.8852634784,0.8854998784,0.8857350554,0.8858039805
162,7,0.8635834925,0.88346729974,0.882966645703,0.874940095563,0.886987644893,0.6297822466999999,0.7673083695,0.8103628486,0.8330000844,0.8488166273,0.8562772242,0.8601188658,0.8617877306,0.8627762656,0.8631927504,0.8634438956,0.86350414,0.8635507473999999,0.8635783301000001,0.8635834925
163,7,0.8041766534,0.801567403217,0.809241163222,0.819337315748,0.834891037666,0.7277184651999999,0.7486500333,0.7580856535,0.7606899551999999,0.7727193271,0.7792343696,0.7866104265,0.7920540259,0.7942925767000001,0.7977832350999999,0.7999681703,0.8014415963,0.8026225167,0.8034737297,0.8041766534
164,7,0.8726686455,0.879637107499,0.873742318542,0.898380772405,0.887746128589,0.7693390881000001,0.818397091,0.8377557322,0.8491893079,0.8598083825,0.8653754410000001,0.8683378058,0.870171867,0.8712143499999999,0.8718993885,0.8722852345,0.8724793909999999,0.8725780475,0.872639732,0.8726686455
165,7,0.8880499397999999,0.916813671546,0.904692292942,0.888635570131,0.886004089133,0.784005425,0.8246438301000001,0.8407972941,0.8506644475,0.8597957894,0.8681598794000001,0.8716893407,0.8767206759,0.8790344855,0.8813531159,0.8832416311,0.8847614833,0.8862768728,0.8871471843,0.8880499397999999
166,7,0.8131748046,0.845987973351,0.788517673594,0.89401968171,0.768776396853,0.3003573417,0.5199717184999999,0.6193720103000001,0.6861972274,0.7276457218000001,0.7525379587,0.7674123366,0.7780933633,0.7867155964,0.7926357441999999,0.7983399383,0.8033969668,0.8066089193,0.8098260796,0.8131748046
167,7,0.8572004578,0.865387959528,0.875513140926,0.857035801201,0.844760655765,0.7665470517,0.8069330930999999,0.822664187,0.8290515504,0.8403239642,0.8460673522,0.8491648534999999,0.852201388,0.8539383760000001,0.8550083095,0.8558032863000001,0.8563626507000001,0.8568343068000001,0.8570794114,0.8572004578
168,7,0.4819321322,0.508112762838,0.544480498036,0.537669787289,0.539681263853,0.4420654070000001,0.4030156889,0.38697564320000005,0.39247636820000004,0.4152207323,0.4336561951,0.45217432699999993,0.46398656730000004,0.4700873259,0.47318234189999997,0.47729699589999997,0.47930760050000004,0.48002654429999997,0.48123398139999995,0.4819321322
169,7,0.8837391824999999,0.881809978871,0.875085377983,0.878695200848,0.878433327338,0.7489771731999999,0.8094045343,0.8318855291999999,0.847017876,0.8552131191,0.8624463149,0.8665606669,0.8705205666,0.8739328303,0.8757271356999999,0.8780539581000001,0.8798777771,0.8812114885,0.8823906495999999,0.8837391824999999
170,7,0.8967473154000001,0.926939692247,0.907534512711,0.894610653204,0.90502853634,0.6740482488,0.8182482731999999,0.8517081956,0.8643312202,0.8765687046,0.8824718212,0.8866320899,0.8894077244,0.8915887646,0.8932718408000001,0.8945633109000001,0.8951872449,0.8957501138,0.8965381943999999,0.8967473154000001
171,7,0.8402813066,0.851783999987,0.853785848647,0.853745252493,0.828855679166,0.6919237551000001,0.7701449717000001,0.7983654011,0.8149293819,0.8269824816,0.8335254625,0.8361381325,0.8380460632,0.8391556601,0.8396523879,0.8399896992,0.8401879953,0.8402347351999999,0.8402626916,0.8402813066
172,7,0.8747766663,0.877574879612,0.889971737678,0.8740619169,0.89521863105,0.7925854547,0.8213796794999999,0.8336725804999999,0.8384058534000001,0.8462914259000001,0.8529159062999999,0.8577754155,0.8620444968000001,0.8641968535,0.8674020444,0.8696544939,0.8713260263,0.8726826148,0.87376981,0.8747766663
173,7,0.8504205538,0.893979279596,0.860272909822,0.805801829245,0.867334499601,0.7388936048000001,0.7888888569000001,0.8102281927,0.8172516459999999,0.8314653016,0.8383918364,0.8435183648,0.846142434,0.8478380727,0.8489824962,0.8496837682,0.8500942619,0.8502373357,0.8503332702,0.8504205538
174,7,0.8612138571000001,0.865602307678,0.868869127826,0.881448481614,0.872156509744,0.7447440512000001,0.7961055159,0.8136005172,0.8222978085,0.8354059649,0.8435330386000001,0.848422281,0.8526447969000001,0.8552294362,0.8573644679,0.8588091658000001,0.8595539360000001,0.8600699079999999,0.8606465676,0.8612138571000001
175,7,0.8376042895000001,0.855515546812,0.82709956433,0.836343418989,0.84003448003,0.721431655,0.7753273803,0.7959121001,0.808683348,0.8155794521999999,0.8215794999,0.824956645,0.8281282414,0.8297829344000001,0.832110501,0.8334771502,0.8349039871,0.836130609,0.8368625767,0.8376042895000001
176,7,0.7549623093,0.768119744418,0.74599329148,0.725356878655,0.728507953375,0.2891009842999999,0.5837254069999999,0.6590657265,0.6963368943,0.7165776344,0.7275553878000001,0.7358745973,0.740290518,0.7449468277,0.7477516396,0.7502213835,0.7519437870000001,0.7533912903000001,0.7542786522,0.7549623093
177,7,0.7169828170000001,0.789565847041,0.738475484208,0.735522379314,0.732256711699,0.6062876340000001,0.6324285153000001,0.6432216107,0.648578648,0.6833177174999999,0.6989098593000002,0.7083961469,0.7118303878,0.7139683642,0.7156670467999999,0.7165199835000001,0.7168266446,0.7169204557000001,0.7169445601,0.7169828170000001
178,7,0.8660086194000001,0.871864639675,0.878417402431,0.888175199489,0.870391338345,0.7454405117999999,0.7975202483,0.8208468966,0.8346360947000001,0.8470457513,0.853658825,0.8580766365,0.8610821808000001,0.8627424547,0.8639662413,0.8647881216000001,0.8653352827,0.8656628276,0.865852179,0.8660086194000001
179,7,0.8778118656,0.874422364872,0.870904321168,0.877083557129,0.861454866328,0.7797195035,0.8208546017,0.8375483752999999,0.8461085231,0.8521331762,0.8576451094,0.862133611,0.8647503796,0.8672000425999999,0.8695046669,0.8717875234000001,0.8735889758,0.8748698827000001,0.8763139843000001,0.8778118656
180,7,0.8251959013000001,0.877072813065,0.851682377864,0.8359256304,0.849654166998,0.30814866280000003,0.6876399016,0.7467513284,0.7732739269,0.7929822487,0.8035189018,0.8107848209,0.8149712254,0.8183373820000001,0.8206268387,0.8220288012999999,0.8232272539000001,0.824089462,0.8247612943,0.8251959013000001
181,7,0.8889837711999999,0.88814958464,0.891157823679,0.891219889003,0.894632235388,0.8145462347,0.8508640884,0.8654934932,0.8728797878000001,0.8772590800000001,0.8809246149000001,0.8832418920999999,0.8834893017,0.8850273432,0.8853678983,0.8862116188,0.887113279,0.8874432772999999,0.8876702794,0.8889837711999999
182,7,0.8845976109000001,0.890152425638,0.894466382428,0.89606084107,0.89999429272,0.7916762259,0.8423847197,0.8590159886000001,0.869907993,0.8756167995,0.8796378244999999,0.881739187,0.8828620249000001,0.8833227409,0.8841327427,0.8840968262,0.8841980201999999,0.8843211502,0.8845976109000001,0.884566703
183,7,0.7999127868,0.807659077539,0.810167353298,0.815869353028,0.812964823041,0.7012225106000001,0.7420010959000001,0.753755171,0.7622974211000001,0.7765051585,0.7860198103,0.7912468221000001,0.7953351793,0.7970400678,0.7986715171,0.7989335939,0.7994393408999999,0.7997108694,0.7998372289,0.7999127868
184,7,0.8463621634,0.87081191046,0.844772121446,0.840579599774,0.872992519301,0.6944799952,0.7818799632,0.8047735058000001,0.8147092655,0.8301791085,0.8371650439999999,0.841304498,0.8434865273000001,0.8447972736,0.8453727755,0.8458492414,0.8460672934000001,0.8462222345,0.8463320584,0.8463621634
